CREATEDDATE,FACILITYID,LASTUPDATEDDATE,TOURACCESSIBLE,TOURDESCRIPTION,TOURDURATION,TOURID,TOURNAME,TOURTYPE
"2014-05-02 18:31:41","234787","2018-07-05 05:15:58","No","Observe the summer solstice amid the ancient ruins of Chimney Rock mesa.  Attendees enter the National Monument in pre-dawn darkness and meet a volunteer program leader who will escort them to two special places on Chimney Rock mesa. ","120","2","Summer Solstice","Historic Tour"
"2014-05-02 18:31:41","234638","2018-07-05 05:15:58","No","Guided tour of the Home of Franklin D. Roosevelt and a self guide tour of the FDR Presidential  Museum.","0","3","FDR Home & Museum Group Tours","Combo Tour"
"2014-05-02 18:31:41","233362","2018-07-05 05:15:58","No","Photographers, and those who would like to visit the famous Cliff Palace through the historical photographers lens, take this opportunity to spend 90 minutes in Cliff Palace with a park ranger in a small group setting.  On this evening tour, dramatic sunset lighting will appeal to photographers as well as those seeking a deeper connection with this extraordinary archeological treasure. Tripods and all kinds of cameras are welcome. BUT YOU MUST BE ABLE TO CARRY ALL OF YOUR GEAR WHILE KEEPING YOUR HANDS FREE TO CLIMB LADDERS. <br><br>The tour is available daily from May 27th, 2016 to September 5, 2016. Meet the ranger on the overlook above Cliff Palace at least 15 minutes in advance of the tour. Drive time to the Cliff Palace overlook from the park entrance is approximately one hour.","90","4","Cliff Palace Twilight Tour","Cliff Dwelling Tour"
"2014-05-02 18:31:41","233266","2018-07-05 05:15:58","No","Child Annual Pass","0","5","Child Annual Pass","Pass"
"2014-05-02 18:31:41","233374","2018-07-05 05:15:58","Yes","Large Vehicle Parking Pass","240","7","Large Vehicle Parking Pass","Nature Tour"
"2014-05-02 18:31:41","233374","2018-07-05 05:15:58","Yes","Day Before Car Parking Pass","240","8","Day Before Parking Pass","Nature Tour"
"2014-05-02 18:31:41","233374","2018-07-05 05:15:58","Yes","Advance Parking Pass for the Firefly Event","240","9","Advance Parking Pass","Nature Tour"
"2014-05-02 18:31:41","233405","2018-07-05 05:15:58","No","Voyage to the Historic Kettle Falls Hotel.  This tour takes you on a cultural and natural history tour of the park.  Spend 2 hours aboard the Borealis Tour Boat getting to the hotel. Once at the hotel spend 2 hours on land dining and touring the site and dam.  Then spend 1.5 hours on your return route.","330","11","Kettle Falls Cruise (Kabetogama Lake)","Boat Tour"
"2014-05-02 18:31:41","233405","2018-07-05 05:15:58","No","Board the Borealis and cruise Kabetogama Lake in search of active eagle nests and other wildlife. At the gardens, join a ranger for a 1/4 mile tour (not accessible) of the unique rock sculptures, building remnants, and winding paths.","120","12","Ellsworth Rock Gardens Tour and Eagle Watch","Boat Tour"
"2014-05-02 18:31:41","233405","2018-07-05 05:15:58","Yes","Discover the wonders and beauty of Voyageurs National Park.  The captain will navigate Rainy Lake in search of active eagle nests, abundant wildlife, and a historic commercial fishing camp. This tour includes a stop at Little American Island (1/4 mile accessible walk) where gold was discovered in the 1890s.","150","14","Grand Tour","Boat Tour"
"2014-05-02 18:31:41","233405","2018-07-05 05:15:58","No","Voyage to the Historic Kettle Falls Hotel.  This tour takes you on a cultural and natural history tour of the park.  Spend 2.5 hours aboard the Voyageur getting to the hotel. Once at the hotel spend 2 hours on land, dining and touring the site.  Then spend 2 hours on your return route.","390","15","Kettle Falls Cruise (Rainy Lake)","Boat Tour"
"2014-05-02 18:31:41","233338","2018-07-05 05:15:58","Yes","World War II Valor in the Pacific National Monument was established to preserve a series of sites which tell the story of the war between the U.S. and Japan in the Pacific.<br> The monument protects nine sites in three states. The Hawaii sites include Battleship Row in Pearl Harbor, the USS Arizona Memorial, the USS Oklahoma Memorial, the USS Utah Memorial and six Chief Petty Officer bungalows on Ford Island.  Pearl Harbor Memorial TheaterThe Pearl Harbor Memorial Theater is located across from the two exhibit galleries. As part of the 75-minute USS Arizona Memorial program (immediately preceding the boat trip to the actual Memorial), visitors will enter the theater to view a 23-minute documentary film on the December 7, 1941 attack.","75","16","USS Arizona Memorial","Historic Tour"
"2014-05-02 18:31:41","233338","2018-07-05 05:15:58","Yes","World War II Valor in the Pacific National Monument was established to preserve a series of sites which tell the story of the war between the U.S. and Japan in the Pacific.<br> The monument protects nine sites in three states. The Hawaii sites include Battleship Row in Pearl Harbor, the USS Arizona Memorial, the USS Oklahoma Memorial, the USS Utah Memorial and six Chief Petty Officer bungalows on Ford Island.  Pearl Harbor Memorial TheaterThe Pearl Harbor Memorial Theater is located across from the two exhibit galleries. As part of the 75-minute USS Arizona Memorial program (immediately preceding the boat trip to the actual Memorial), visitors will enter the theater to view a 23-minute documentary film on the December 7, 1941 attack.","75","17","USS Arizona Memorial Education Tour","Historic Tour"
"2014-05-02 18:31:41","233338","2018-07-05 05:15:58","Yes","A newly-updated audio tour narrated by actress Jamie Lee Curtis, daughter of actor and Pacific War veteran, Tony Curtis. The audio tour provides narration throughout the visitor center, interpretive exhibit galleries, and waterfront interpretive displays, in addition to providing interpretive information on the shuttle boats and on the Memorial. Featuring guest narration by actual Pearl Harbor Survivors and National Park Service Historian Daniel Martinez, the audio tour is recommended for all visitors waiting for their program to begin.<br><br>For visitors interested in the audio tour, headsets are available for rent at the booth to the left of the NPS Tickets and Information Desk. The audio tour is available in seven languages: English, French, Japanese, Korean, Mandarin, German, and Spanish.","0","18","Narrated Tour","Historic Tour"
"2014-05-02 18:31:41","233338","2018-07-05 05:15:58","Yes","Consider combining with your upcoming visit to the USS <i>Arizona</i> Memorial with the ability to access the Battleship <i>Missouri</i> Memorial, USS <i>Bowfin</i> Submarine Museum, and the Pacific Aviation Museum at Pearl Harbor. The USS <i>Arizona</i> Memorial does not charge a use fee, but there are charges for the Battleship <i>Missouri</i> Memorial, USS <i>Bowfin</i> Submarine Museum and Pacific Aviation Museum, which are operated by private, non-profit groups.<br><br>If you plan to visit all four of the facilities, please allow a minimum of five (5) hours for the complete Pearl Harbor experience. You may wish to allot some additional time to rest between tours, enjoy a bite to eat, and to visit our gift shops.","0","19","Passport","Historic Tour"
"2014-05-02 18:31:41","233373","2018-07-05 05:15:58","No","Birdwatching for beginners at Park locations.  Learn how to identify birds by sight and sound, along with learning habitat for resident and migratory species.","360","20","Birding in Your Parks Series: Riverbend County Park & Cascadia State Park","Nature Hike"
"2014-05-02 18:31:41","233373","2018-07-05 05:15:58","No","Follow the historic footsteps of the Kalapuya Indians along the lower floodplains of the South Santiam River. Includes traditional uses of plants. The trail may be muddy.","390","21","Cascadia Cave","Cave Tour"
"2014-05-02 18:31:41","233373","2018-07-05 05:15:58","No","Explore habitat characteristics and conditions that produce the amazing array of low elevation wildflowers that return each spring. Includes wildflower identification and traditional uses of plants.","450","22","Wildflower Hike: Low Elevation Meadows & Forests","Nature Hike"
"2014-05-02 18:31:41","233373","2018-07-05 05:15:58","No","In Backpacking Basics - Field Class,  you will take the knowledge learned in the classroom session and apply it to an overnight trip.","1200","23","Backpacking Basics - Field Class ","Nature Tour"
"2014-05-02 18:31:41","233373","2018-07-05 05:15:58","No","In Backpacking Basics,  you will learn how to plan a trip, learn necessary survival skills.","400","24","Backpacking Basics - Classroom Session ","Nature Tour"
"2014-05-02 18:31:41","233373","2018-07-05 05:15:58","No","Spend two nights at Longbow Organizational Camp learning about the history, short day hikes, and preparing for the annual potluck picnic.","1200","25","Civilian and Youth Conservation Corps Outing","Nature Tour"
"2014-05-02 18:31:41","233373","2018-07-05 05:15:58","No","Explore what early travel was like in the forest on the historic toll road that once linked the Willamette Valley to eastern Oregon. Hike is mostly downhill.","480","26","Santiam Wagon Road - Snow Creek to House Rock","Historic Tour"
"2014-05-02 18:31:41","233373","2018-07-05 05:15:58","No","Enjoy a spectacular display of wildflowers, including camas and elephants-head. ","480","27","Gordon Meadows Wildflower Hike","Nature Hike"
"2014-05-02 18:31:41","233373","2018-07-05 05:15:58","No","See the moon rise from the top of Iron Mountain.  Sun and moon will be rising/setting at almost the same time on this particular day.  Discover being outdoors at night.  ","480","28","Moon Rise on Iron Mountain ","Historic Tour"
"2014-05-02 18:31:41","233373","2018-07-05 05:15:58","No","Hike through an old growth forest to a wildflower-filled subalpine meadow with great views of the Cascade peaks.","480","29","Browder Ridge","Nature Tour"
"2014-05-02 18:31:41","233373","2018-07-05 05:15:58","No","Explore the wildflowers, panoramic views and geologic formations that surround these two landmarks. Trail is rocky and uneven in places.","480","30","Iron Mountian and Cone Peak Wildflower Hike","Nature Hike"
"2014-05-02 18:31:41","233373","2018-07-05 05:15:58","No","Explore what early travel was like in the forest on the historic toll road that once linked the Wilamette Valley to Eastern Oregon.","480","31","Santiam Wagon Road - Fish Lake to Lost Prairie ","Historic Tour"
"2014-05-02 18:31:41","233373","2018-07-05 05:15:58","No","See the first flowers to appear once the snow melts, followed by a tour of other creatures that adorn the forest.","480","32","Early Mountain Wildflowers and Late Lichens and Mosses","Nature Hike"
"2014-05-02 18:31:41","233373","2018-07-05 05:15:58","No","Explore what early travel was like in the forest on the historic toll road that once linked the Willamette Valley to eastern Oregon. Hike is mostly downhill.","480","33","Santiam Wagon Road - Latiwi Creek to Mountain House","Historic Tour"
"2014-05-02 18:31:41","233373","2018-07-05 05:15:58","No","Explore what early travel was like in the forest on the historic toll road that once linked the Willamette Valley to eastern Oregon. Hike is mostly downhill.","0","34","Santiam Wagon Road - Tombstone Pass to Latiwi Creek via Sevenmile Hill","Nature Hike"
"2014-05-02 18:31:41","233373","2018-07-05 05:15:58","No","Bring your art supplies and a sense of adventure to have an art filled experience in the great outdoors. ","480","35","Art in Nature","Nature Hike"
"2014-05-02 18:31:41","233373","2018-07-05 05:15:58","No","Bring your art supplies and a sense of adventure to have an art filled experience in the great outdoors.","480","36","Creativity on the Edge of the Wild","Nature Hike"
"2014-05-02 18:31:41","233373","2018-07-05 05:15:58","No","Follow in the footsteps of the early packers on the forest as you walk the trails they used.","480","37","South Pyramid Creek to Shedd Camp Shelter","Historic Tour"
"2014-05-02 18:31:41","233373","2018-07-05 05:15:58","No","Walk through Fish Lake Historic site, exploring the legacy of Native Americans, Santiam Wagon Road, and 20th centrury Forest Service including all buildings and equipment from 1920-30s.","480","38","Friends of Fish Lake Tour","Nature Tour"
"2014-05-02 18:31:41","234787","2018-07-05 05:15:58","Yes","Plan to spend two hours for this guided tour as a trained volunteer tells the story of the people who lived at the Monument 1,000 years ago. The tour includes both the Pueblo trail and the Great Kiva trail. Guests will see a 44-foot diameter excavated great kiva. Also on this easy trail, theres an excavated pit house, a typical residence of the ancient ones and a sacred archeoastronomy site. The unimproved natural Pueblo trail is 1/2 mile round trip with a 200-foot elevation gain, topping out at 7,600-feet elevation. The Pueblo Trail features a multi-family dwelling and several unexcavated structures. At the top, Chimney Rocks Chacoan-style Great House Pueblo is spectacular against the backdrop of the San Juan Mountains. ","120","39","Guided Walking Tours","Historic Tour"
"2014-05-02 18:31:41","234787","2018-07-05 05:15:58","No","The full moon program takes place against the backdrop of the Great House Pueblo at the top of Chimney Rock Mesa.","180","40","Full Moon","Historic Tour"
"2014-05-02 18:31:41","234787","2018-07-05 05:15:58","No","This program begins at the upper parking lot with a one-hour guided tour on the 1/3 mile paved Great Kiva Trail loop.","0","41","Early Tour & Full Moon Package","Combo Tour"
"2014-05-02 18:31:41","234787","2018-07-05 05:15:58","Yes","Remote from city lights, enjoy the night sky in a truly dark environment. Your evening begins with a talk at the Visitor Center amphitheater. Topics range from what the ancient people noticed in the night sky to how a telescope helps us see stars and current topics in astronomy. As darkness descends, guests drive to the High Mesa parking lot where volunteer astronomers await with telescopes to provide a closer look at the wonders of the night sky. ","210","42","Night Sky: Stars and Galaxies","Historic Tour"
"2014-05-02 18:31:41","234787","2018-07-05 05:15:58","No","Watch the sun rise over the San Juans this first day of autumn, and discuss how the ancients may have lived, and why they celebrated the equinoxes. This 2-3 hour event begins at the Sun Tower, a place not visited on our regular tours, and concludes at the Stone Basin providing two viewing locations.","120","44","Autumnal Equinox","Historic Tour"
"2014-05-02 18:31:41","234787","2018-07-05 05:15:58","Yes","This free, family-oriented festival is held at Chimney Rocks Visitor Center area. Step back in time as volunteers and artisans demonstrate ancient tools and crafts. ","360","45","Life at Chimney Rock","Historic Tour"
"2014-05-02 18:31:41","233338","2018-07-05 05:15:58","No","Visitors interested in a fully-narrated tour should choose this option, which includes a ticket for the USS <i>Arizona</i> Memorial program in addition to the audio tour narrated by award-winning actress Jamie Lee Curtis, daughter of actor and Pacific War veteran Tony Curtis.<br><br>The audio tour provides unique interpretation not only throughout USS <i>Arizona</i> Memorial program, but throughout the entire visitor center, including both interpretive exhibit galleries and the waterfront interpretive displays. Featuring guest narration by Pearl Harbor Survivors and National Park Service Historian Daniel Martinez, the audio tour is recommended for all visitors looking for an enhanced experience.<br><br>Audio tour headsets are available for rent at the booth to the left of the NPS Tickets and Information Desk, and the tour is available in seven languages: English, French, Japanese, Korean, Mandarin, German, and Spanish.","0","46","USS Arizona Memorial with Narrated Tour","Combo Tour"
"2014-05-02 18:31:41","233338","2018-07-05 05:15:58","No","The <b>Passport to Pearl Harbor</b> is the most popular tour and allows you to experience all four of the Pearl Harbor Historic destinations at a discounted price. Our Passport to Pearl Harbor is valid for two days within a consecutive seven-days period and includes the <b><a href= http://www.nps.gov/valr> the USS <i>Arizona</i> Memorial Narrated Tour</a></b>, and admission to <b><a href= http://www.bowfin.org> the USS <i>Bowfin</i> Submarine Museum & Park</a></b>, <b><a href= http://www.ussmissouri.com> the Battleship <i>Missouri</i> Memorial</a></b>, and <b><a href= http://www.pacificaviationmuseum.org>Pacific Aviation Museum Pearl Harbor</a></b>.  Reserved Passport to Pearl Harbor tours can be picked up at the National Park Services Ticket Desk.","0","47","Passport to Pearl Harbor","Combo Tour"
"2014-05-02 18:31:41","233373","2018-07-05 05:15:58","No","Enjoy the impressive fall color display of the Old Cascades.","450","49","Fall Colors & Seasonal Changes Hike","Nature Hike"
"2014-05-02 18:31:41","233373","2018-07-05 05:15:58","No","Explore native wildflowers and the volcanic landscapes that formed the Cascades on a narrated auto tour through the  District.","450","50","Wildflower Auto Tour - No Walking Necessary","Nature Tour"
"2014-05-02 18:31:41","233373","2018-07-05 05:15:58","No","Experience a wildflower-filled meadow in a natural amphitheater and see the largest Alaskan yellow cedars to be found.","480","51","Echo Basin","Nature Hike"
"2014-05-02 18:31:41","233373","2018-07-05 05:15:58","No","This tour will visit cultural settings including open meadows, ancient trails, old growth trees, and the Edge of the World Site. Tribal practices for the past 8000 years will be discussed.","450","52","Gordon Meadows Heritage Hike","Natural and Cultural Hike"
"2014-05-02 18:31:41","234638","2018-07-05 05:15:58","No","Guided tour of the Home of Franklin D. Roosevelt and a self guide tour of the FDR Presidential  Museum. Tour of the Vanderbilt Mansion and the Eleanor Roosevelt Home.","0","53","Combo Tour Individual","Combo Tour"
"2014-05-02 18:31:41","233373","2018-07-05 05:15:58","No","Explore what early travel was like in the forest on the historic toll road that once linked the Willamette Valley to eastern Oregon.","450","54","Santiam Wagon Road Hike - Eno Road to Clear Lake","Historic Tour"
"2014-05-02 18:31:41","233373","2018-07-05 05:15:58","No","Learn about the berries that have sustained people and wildlife in the Cascades for thousands of years. Includes traditional uses of berries and how to distinguish between edible and non-edible.  This is a great hike for families. Please bring a berry container. ","480","55","Huckleberry Haven","Nature Hike"
"2014-05-02 18:31:41","233373","2018-07-05 05:15:58","No","Learn about the uses of wild mushrooms, how to distingush between edible and non-edible species.  We will collect edible mushrooms and have a cooking demonstration at Longbow Organizational Camp in the afternoon. Bring a small collecting knife and bags/baskets.","480","56","Fall Edible Mushrooms","Nature Tour"
"2014-05-02 18:31:41","233373","2018-07-05 05:15:58","No","Learn about proper snowshoeing technique and about the winter environment in the Cascades.  This hike is open to families; children 12 and older are welcome with adult supervision.  ","480","57","Kids Kicking It in the Snow! Snowshoe Trek","Nature Hike"
"2014-05-02 18:31:41","233373","2018-07-05 05:15:58","No","Learn about the uses of wild mushrooms, how to distinguish between edible and non-edible species; we will collect edible mushrooms and have a cooking demonstration at Longbow in the afternoon. Bring a small collecting knife and bags/baskets.","360","58","Edible Mushroom Hike and Cooking Demonstration","Nature Tour"
"2014-05-02 18:31:41","233373","2018-07-05 05:15:58","No","This hike leave promptly from the ranger district office at scheduled time.  Please come prepared for a day in the forest, lunch, water, appropriate clothes, etc","450","59","Santiam Wagon Road - Burnside to Mountian House","Historic Tour"
"2014-05-02 18:31:41","233373","2018-07-05 05:15:58","No","A steep but beautiful hike. This 2 mile trail acsends 1600 feet in elevation through old growth forest and meadow before switchbacking to the summit of the Middle Pyramid. Lots of wildflowers and a spectacular view! ","510","60","Three Pyramids Wildflower Hike","Nature Hike"
"2014-05-02 18:31:41","233373","2018-07-05 05:15:58","No","Enjoy a sunny day on the river, while learning about the origin and identification of our multi-colored river rocks. Requires stable footing for wading up to one mile in the river. Please come prepared for a day on the river, including good footwear for wading, lunch and water. Feel free to bring a rock identification book, a rock hammer and a hand lens.","390","61","Streamside Rock Hounding","Nature Tour"
"2014-05-02 18:31:41","233373","2018-07-05 05:15:58","No","The first half of this hike involves learning basic mushroom identification techniques with a focus on distinguishing between edible and non-edible species. Enjoy mushroom collection during the second half. A bucket or basket, and a small cutting knife are recommended. Involve climbing over logs and hiking on rocky trails. Bring waterproof boots.","450","62","Fall Mushroom Hike - Edibles & Poisonous!","Nature Hike"
"2014-05-02 18:31:41","233373","2018-07-05 05:15:58","Yes","Learn to assemble holiday swags and wreaths from locally pre-collected","360","63","Wreath Making and Holiday Decor","Nature Tour"
"2014-05-02 18:31:41","233373","2018-07-05 05:15:58","No","Explore what early travel was like in the forest on the historic toll road that once linked the Willamette Valley to eastern Oregon. The exact route will depend on snow conditions.  Conditions can be tough, no novices please.","480","64","Winter on the Wagon Road Snowshoe Trek","Nature Hike"
"2014-05-02 18:31:41","233373","2018-07-05 05:15:58","No","Explore the cultural history, wildflowers, panoramic views and geologic formations that surround these two landmarks. Trail is rocky and uneven in places.","450","65","Iron Mountain and Cone Peak Heritage Hike","Historic Tour"
"2014-05-02 18:31:41","233373","2018-07-05 05:15:58","No","Geology, cultural history and botany all await discovery. Explore a scenic, unique and diverse landscape with an 8,000 year old cultural context.","480","66","Lave Lake","Nature Tour"
"2014-05-02 18:31:41","233373","2018-07-05 05:15:58","No","Birdwatching for beginners at Park locations.  Learn how to identify birds by sight and sound, along with learning habitat for resident and migratory species.","360","67","Birding in Your Parks Series - Sunnyside County Park","Nature Hike"
"2014-05-02 18:31:41","233373","2018-07-05 05:15:58","No","On this hike participants will learn how to identify common lichen and moss species found in the Cascades and why these organisms are important as environmental indicators.","450","68","Learn Your Lichens and Mosses","Nature Hike"
"2014-05-02 18:31:41","233373","2018-07-05 05:15:58","No","Learn skills on how to survive an outdoor emergency in Western Oregon. ","480","69","Survival in the Wilderness and Other Places","Nature Tour"
"2014-05-02 18:31:41","234636","2018-07-05 05:15:58","Yes","Tour the Victorian mansion that was the last residence of famed abolitionist, statesman, and orator, Frederick Douglass","30","71","DouglassHome StandardTour","Historic Tour"
"2014-05-02 18:31:41","234636","2018-07-05 05:15:58","Yes","Tour the Victorian mansion that was the last residence of famed abolitionist, statesman, and orator, Frederick Douglass","30","72","Douglass Home Group Tour","Historic Tour"
"2014-05-02 18:31:41","234637","2018-07-05 05:15:58","No","Slaughter Canyon Cave is a strenuous tour.  DO NOT GO TO THE VISITOR CENTER for this tour.  Participants must hike a steep, rocky, and uneven  1/2 mile trail that gains 500 feet in elevation. The tour is slippery, muddy and may require ascent of a 15 foot slope using a knotted rope.  Participants must have a high powered, reliable flashlight with new batteries as this is your only light for the tour.","330","73","Slaughter Canyon Cave","Cave Tour"
"2014-05-02 18:31:41","234637","2018-07-05 05:15:58","No","Hall of the White Giant is an extremely strenuous tour. Our most challenging tour, participants must navigate ladders, ropes, and slippery surfaces, bellycrawl for extended periods of time, and free climb rock chimneys.  This tour is not recommended for anyone who has a fear of enclosed spaces, heights, or darkness.","240","74","Hall of The White Giant","Cave Tour"
"2014-05-02 18:31:41","234637","2018-07-05 05:15:58","No","This moderately strenuous adventure tour is a historic lantern lit tour through an undeveloped section of the cave on unpaved trails.","120","75","Left Hand Tunnel ","Cave Tour"
"2014-05-02 18:31:41","234637","2018-07-05 05:15:58","No","The Kings Palace tour is a moderately strenuous tour.  There is a steep 80 foot hill you must go down initially and then back up at the end of the tour.","90","76","Kings Palace","Cave Tour"
"2014-05-02 18:31:41","234637","2018-07-05 05:15:58","No","Lower Cave is a strenuous tour.  You will descend 10 feet down a flowstone slope by knotted rope and proceed to descend 50 feet down three sets of ladders.  This trip is not recommended for anyone with a fear of enclosed spaces, heights, or darkness.","180","77","Lower Cave","Cave Tour"
"2014-05-02 18:31:41","234637","2018-07-05 05:15:58","No","Spider Cave is an extremely strenuous tour.   Participants must navigate slippery surfaces, bellycrawl for extended periods of time, and free climb rock chimneys. This tour is not recommended for anyone who has a fear of enclosed spaces, heights, or darkness.","240","78","Spider Cave","Cave Tour"
"2014-05-02 18:31:41","234637","2018-07-05 05:15:58","No","Natural Entrance Self-Guided Tour","120","79","Natural Entrance Self-Guided Tour","Cave Tour"
"2014-05-02 18:31:41","234637","2018-07-05 05:15:58","No","The Big Room Tour","90","80","The Big Room Tour","Cave Tour"
"2014-05-02 18:31:41","234638","2018-07-05 05:15:58","Yes","Guided tour of the Eleanor Roosevelt Home  consisting of two floors","90","81","Eleanor Roosevelt National Historic Site (Val-Kill)","Historic Tour"
"2014-05-02 18:31:41","234638","2018-07-05 05:15:58","Yes","Guided tour of the Eleanor Roosevelt Home.","90","82","Eleanor Roosevelt (Valkill) Group Tours","Historic Tour"
"2014-05-02 18:31:41","234638","2018-07-05 05:15:58","Yes","Self guided tour of the FDR Presidential  Museum.","90","83","FDR Museum Group Tour","Historic Tour"
"2014-05-02 18:31:41","234638","2018-07-05 05:15:58","Yes","Guided tour of Vanderbilt Mansion.","60","84","Vanderbilt Mansion Group Tour","Historic Tour"
"2014-05-02 18:31:41","234638","2018-07-05 05:15:58","No","Guided tour of the Home of Franklin D. Roosevelt and a self guide tour of the FDR Presidential  Museum, a tour of the Vanderbilt Mansion and the Eleanor Roosevelt Home.","0","85","Combo Group Tour","Combo Tour"
"2014-05-02 18:31:41","234638","2018-07-05 05:15:58","Yes","Guided tour of the Home of Franklin D. Roosevelt and a self guide tour of the FDR Presidential  Museum.","60","86","FDR Home & Museum Individual","Historic Tour"
"2014-05-02 18:31:41","234638","2018-07-05 05:15:58","Yes","Guided tour of the Home of Franklin D. Roosevelt of two floors ","60","87","FDR Home Group Tour","Historic Tour"
"2014-05-02 18:31:41","234638","2018-07-05 05:15:58","Yes","Guided tour of Vanderbilt Mansion.","60","88","Vanderbilt Mansion Indiv","Historic Tour"
"2014-05-02 18:31:41","234639","2018-07-05 05:15:58","Yes","Independence Hall Tour DO NOT USE","30","89",".","Historic Tour"
"2014-05-02 18:31:41","234639","2018-07-05 05:15:58","Yes","Independence Hall Tour","30","90","Independence Hall","Historic Tour"
"2014-05-02 18:31:41","234640","2018-07-05 05:15:58","No","Follow your guide as you retrace along the oldest tour trails and exit the cave into another Star Chamber above the nocturnal Kentucky Landscape.","150","91","Star Chamber","Cave Tour"
"2014-05-02 18:31:41","234640","2018-07-05 05:15:58","No","Large trunk passages, cultural history, visit the underground 1840s hospital.","120","92","Broadway Tour","Cave Tour"
"2014-05-02 18:31:41","234640","2018-07-05 05:15:58","No","Large trunk passages, oldest tour route and cultural history.","120","93","Historic","Cave Tour"
"2014-05-02 18:31:41","234640","2018-07-05 05:15:58","No","Connections between the sunlit world and the cave world.","165","94","Trog","Cave Tour"
"2014-05-02 18:31:41","234640","2018-07-05 05:15:58","No","Safe caving techniques for beginners, natural cave environment and cave exploration suitable for family groups.","210","95","Introduction to Caving","Cave Tour"
"2014-05-02 18:31:41","234640","2018-07-05 05:15:58","No","Safe caving techniques and environment concerns and cave exploration.","360","96","Wild Cave","Cave Tour"
"2014-05-02 18:31:41","234640","2018-07-05 05:15:58","No","Evening tour for amateur photographers.","105","97","Focus on Frozen Niagara Tour","Cave Tour"
"2014-05-02 18:31:41","234640","2018-07-05 05:15:58","No","Deep pits, high domes, dry cave passages, dripstone and animal life.","120","98","Domes and Dripstones","Cave Tour"
"2014-05-02 18:31:41","234640","2018-07-05 05:15:58","No","Mammoth Cave community life from 1841-1941, geologic beauty by lantern light, cave animals, park surface features.","135","99","Great Onyx Tour","Cave Tour"
"2014-05-02 18:31:41","234640","2018-07-05 05:15:58","No","Dramatic cave changes, dry cave vs. damp cave, gypsum, dripstone, and early exploration.","240","100","Grand Avenue","Cave Tour"
"2014-05-02 18:31:41","233266","2018-07-05 05:15:58","No","Adult Annual Pass","0","101","Adult Annual Pass","Pass"
"2014-05-02 18:31:41","233266","2018-07-05 05:15:58","No","Interagency Annual Pass","0","102","Interagency Annual Passport","Pass"
"2014-05-02 18:31:41","233266","2018-07-05 05:15:58","No","Senior Annual Pass","0","103","Senior Annual Pass","Pass"
"2014-05-02 18:31:41","234640","2018-07-05 05:15:58","No","Lantern-light experience, prehistoric cave users, 19th century tours, early cave exploration and commercial uses.","180","104","Violet City Lantern","Cave Tour"
"2014-05-02 18:31:41","234640","2018-07-05 05:15:58","No","Geologic development, water continuing to impact the cave.","150","105","River Styx","Cave Tour"
"2014-05-02 18:31:41","234640","2018-07-05 05:15:58","No","Focus on formation of cave, development of dripstone and animal life.","75","106","Frozen Niagara","Cave Tour"
"2014-05-02 18:31:41","234640","2018-07-05 05:15:58","No","Follow your guide to the Historic Entrance where the cave was first discovered more that 4,000 years ago.","75","107","Passage Tour","Cave Tour"
"2014-05-02 18:31:41","234640","2018-07-05 05:15:58","No","Visit the Rotunda, one of the largest rooms in the cave; explore a vast canyon passageway; and learn about 19th-century saltpeter mining operations and the geologic origins of Mammoth Cave on this self-guiding tour.","20","108","Discovery Tour","Cave Tour"
"2014-05-02 18:31:41","234640","2018-07-05 05:15:58","No","Descend and ascend nearly 200 stairs at the Carmichael Entrance of Mammoth Cave, pass the craggy breakdown of the Rocky Mountains and enter gypsum encrusted Cleaveland Avenue.","180","109","Snowball Tour","Cave Tour"
"2014-05-02 18:31:41","250006","2018-07-05 05:15:58","No","Standing General Admission","0","110","Standing General Admission","Historic Tour"
"2014-05-02 18:31:41","250029","2018-07-05 05:15:58","No","Group B 9:45AM - 11:45AM","0","111","Group B 9:45AM - 11:45AM","Historic Tour"
"2014-05-02 18:31:41","250029","2018-07-05 05:15:58","No","Group C 12:15PM - 2:15PM","0","112","Group C 12:15PM - 2:15PM","Historic Tour"
"2014-05-02 18:31:41","250029","2018-07-05 05:15:58","No","Group E 4:45PM - 6:45PM","0","113","Group E 4:45PM - 6:45PM","Historic Tour"
"2014-05-02 18:31:41","250029","2018-07-05 05:15:58","No","Group A 7:30AM-9:30AM","0","114","Group A 7:30AM-9:30AM","Historic Tour"
"2014-05-02 18:31:41","234640","2018-07-05 05:15:58","No","Some areas of Mammoth Cave just seem magical, and Gothic Avenue is one of those special places.  This tour begins at the Visitor Center and enters that now famous entrance, as the ranger interprets areas including the Rotunda, the Church, Giants Coffin, and the TB Huts. Gothic Avenue is also included in the Star Chamber Tour that is offered during spring, summer and fall.","120","115","Gothic Avenue Tour","Cave Tour"
"2014-05-02 18:31:41","234668","2018-07-05 05:15:58","No","The Fiery Furnace offers a labyrinth of narrow passageways and abrupt dead-ends among a series of sandstone fins. Though it does not encompass a very large area, it is easy to become disoriented or lost.","150","116","Fiery Furnace Loop Tour","Hike"
"2014-05-02 18:31:41","233244","2018-07-05 05:15:58","No","The tour begins at the Soda Lake Overlook at 10:00am. After an introduction and brief history of the Carrizo, the group will explore Soda Lake and the Carrizo Plains plant communities, with general wildflower identification.","180","117","Painted Rock Guided Tour","Historic Tour"
"2014-05-02 18:31:41","233244","2018-07-05 05:15:58","No","The sandstone formation at Painted Rock has long drawn the attention of Carrizo Plain visitors.  About 3,000 - 4,000 years ago, Native Americans began to paint their sacred images within the alcove of the rock.  Not surprisingly, the power of this place continues to enthrall, and it still receives many visitors today.The Painted Rock Self Guided Tour Gives you a unique experience you cannot get any other place in the world.  It is a 1.4 mile round trip hike where you get to experience Painted rock and its wonderful Native American Pictographs ","90","118","Painted Rock Self Guided Tour","Historic Tour"
"2014-05-02 18:31:41","233244","2018-07-05 05:15:58","No","The tours meet at the Goodwin Education Center off of Soda Lake Road at 10 a.m. and will caravan up to the ranch. Visitors should bring a sack lunch to enjoy while sitting on the ranch house veranda at the tour conclusion. ","150","119","Saucito Ranch Tour","Historic Tour"
"2014-05-02 18:31:41","234645","2018-07-05 05:15:58","Yes","Self-guided timed Entry is offered every 15 mins. beginning at 10:30 a.m. to 90 minutes before closing, daily. Individuals may reserve up to 20 spaces and groups may reserve up to 100 spaces (large groups please book through the <a href=http://www.recreation.gov/tourSwitchSalesCategoryDisplay.do?contractCode=NRSO&parkId=79052&target=tourList/>group sales</a> section of the website).  Plan for a 90-minute visit to the Charters of Freedom (home to the Declaration, Constitution, and Bill of Rights), the Public Vaults permanent exhibit gallery, the OBrien temporary exhibit gallery, the Boeing Learning Center, and the David M. Rubenstein Gallery.","0","120","Self-Guided Timed Entry","Historic Tour"
"2014-05-02 18:31:41","234645","2018-07-05 05:15:58","Yes","While National Archives visitors guide themselves through the museum. Once per day, Monday through Friday, at 9:45 a.m we offer a 1-hour docent-led guided tour of the National Archives Museum. Individuals and groups may reserve up to 15 spaces. The tour includes the Rotunda for the Charters of Freedom (home to the Declaration of Independence, Constitution, and Bill of Rights) and the Public Vaults permanent, interactive exhibit gallery. ","60","121","Tour (Docent-Guided)","Historic Tour"
"2014-05-02 18:31:41","233266","2018-07-05 05:15:58","No","Discovery in the Dark Headlamp Tours take visitors into the last part of the Discovery Trail. The cave lights are off, and visitors will use helmet-mounted lights to get a look at life in the dark.","60","122","Discovery in the Dark Headlamp Tour","Cave Tour"
"2014-05-02 18:31:41","233266","2018-07-05 05:15:58","No","The Discovery Trail follows the path of the first explorers through large water-carved passages, under the natural entrance and along the cave stream.","90","123","Discovery Trail Tour","Cave Tour"
"2014-05-02 18:31:41","233266","2018-07-05 05:15:58","No","The Wild Cave Tour takes visitors through the undeveloped sections of the middle level of Blanchard. All gear is provided except boots. Particpants must wear boots with good ankle support and aggressive tread. The tour ends at the Titans formations. Participants must be at least ten years old, and ten to twelve year olds must be accompanied by a responsible adult. Each tour must have a minimum of 3 participants.","300","124","Wild Cave Tour","Cave Tour"
"2014-05-02 18:31:41","233266","2018-07-05 05:15:58","No","The Dripstone Trail Tour travels through two huge rooms filled with an incredible variety and number of crystalline formations - sparkling flowstone, towering columns, and delicate soda straws. This shorter, easier trail takes visitors almost half a mile through the Caverns.","60","125","Dripstone Trail Tour","Cave Tour"
"2014-05-02 18:31:41","233266","2018-07-05 05:15:58","No","Forest Seasonal Day Use Pass","0","126","Forest Seasonal Day Use Pass","Pass"
"2014-05-02 18:31:41","233266","2018-07-05 05:15:58","No","Senior Lifetime Pass","0","127","Senior Lifetime Pass","Pass"
"2014-05-02 18:31:41","233266","2018-07-05 05:15:58","No","The Dripstone Trail Tour travels through two huge rooms filled with an incredible variety and number of crystalline formations - sparkling flowstone, towering columns, and delicate soda straws. This shorter, easier trail takes visitors almost half a mile through the Caverns.","60","128","Group Dripstone Trail Tour","Cave Tour"
"2014-05-02 18:31:41","233266","2018-07-05 05:15:58","No","The Discovery Trail follows the path of the first explorers through large water-carved passages, under the natural entrance and along the cave stream.","90","129","Group Discovery Trail Tour","Cave Tour"
"2014-05-02 18:31:41","233266","2018-07-05 05:15:58","No","Interagency Access Passport","0","130","Interagency Access Passport","Pass"
"2014-05-02 18:31:41","233282","2018-07-05 05:15:58","No","Lower Vine Ranch was where Scotty lived - not Scottys Castle. Scottys modest cabin, garage, small blacksmith shed, grain shed, and corrals are seen on this 2-mile round trip ranger-guided hike over uneven surfaces.","150","131","Lower Vine Ranch Hike","Historic Tour"
"2014-05-02 18:31:41","233282","2018-07-05 05:15:58","No","House-Underground Combo Tour","0","132","House-Underground Combo Tour","Combo Tour"
"2014-05-02 18:31:41","233282","2018-07-05 05:15:58","No","1-hour walking tour of basement, tunnels and power house, focuses on 1920s technology used at Scottys Castle.","60","133","Underground Tour","Historic Tour"
"2014-05-02 18:31:41","233282","2018-07-05 05:15:58","No","Guided walking tour through main rooms in Scottys Castle.","60","134","House Tour","Historic Tour"
"2014-05-02 18:31:41","233282","2018-07-05 05:15:58","No","Guided walking tour through main rooms in Scottys Castle.","0","135","Group House Tour","Historic Tour"
"2014-05-02 18:31:41","233282","2018-07-05 05:15:58","No","1-hour walking tour of basement, tunnels and power house, focuses on 1920s technology used at Scottys Castle.","0","136","Group Underground Tour","Historic Tour"
"2014-05-02 18:31:41","233274","2018-07-05 05:15:58","No","The ruins of Guevavi and Calabazas Missions, protected as a part of Tumacacori National Historical Park and normally closed to the public,can be visited as a participant in these special reserved tours.","240","137","Guevavi and Calabazas Missions Tour","Historic Tour"
"2014-05-02 18:31:41","234166","2018-07-05 05:15:58","No","Guided Auto Tour of Picket Wire Canyonlands. Home to the largest dinosaur tracksite in North America","480","138","Picket Wire Canyonlands Guided Auto Tour","Historic Tour"
"2014-05-02 18:31:41","234787","2018-07-05 05:15:58","Yes","Take as much time as you need on this self-guided tour while you stroll along the paved Great Kiva Trail and make your way toward a 44-foot diameter excavated great kiva and an excavated pit house, a typical residence of the ancient ones and a sacred archeoastronomy site.  A Site Monitor will be available to answer questions about the story of the people who lived at the Monument 1,000 years ago. This tour does not require reservations but you will still need to check-in at the cabin. ","0","142","Audio Kiva Trail  Tour","Historic Tour"
"2014-05-02 18:31:41","234787","2018-07-05 05:15:58","No","Early tour: If youve never been to Chimney Rock National Monument, take this opportunity to learn more about the people who lived in this wondrous site 1,000 years ago. Youll walk the one-third-mile Great Kiva Trail with a tour guide, then climb the Pueblo Trail in time for the Full Moon program","240","143","Full Moon & Early Tour Package","Historic Tour"
"2014-05-02 18:31:41","234787","2018-07-05 05:15:58","Yes","Your evening begins with a one hour interactive discussion at the Visitor Center on the archaeoastronomy of Chimney Rock and a preview of what guests may expect to see with telescopes. Topics range from astronomy, what the full moon meant to the Ancient People, and how a telescope helps us see stars. As darkness descends, guests drive to the High Mesa parking lot where volunteer astronomers await with telescopes to provide a closer look at the full moon. Focus will shift to deeper-sky objects plus any man-made objects that come into view. This program is perfect for young families and those with limited mobility.","210","144","Night Sky: Our Solar System","Historic Tour"
"2014-05-02 18:31:41","234787","2018-07-05 05:15:58","No","At the conclusion of the full moon program you will hike down to the parking lot where telescopes will be set up for the full moon viewing. Volunteer astronomers will be on hand to explain different features of the moon and answer any questions you may have. Dont miss the moon in its full glory at this wonderful program. This is a $5 add-on to the $15 full moon program and tickets are non-refundable, rain or shine.","120","145","Moon View","Historic Tour"
"2014-05-02 18:31:41","234787","2018-07-05 05:15:58","No","If youve never been to Chimney Rock National Monument, take this opportunity to learn more about the people who lived in this wondrous site 1,000 years ago. Youll walk the one-third-mile Great Kiva Trail with a tour guide, and then climb the Pueblo Trail in time for the full moon program.  Guests will see a 44-foot diameter excavated great kiva on this early tour. Also on this easy trail, theres an excavated pit house, a typical residence of the ancient ones. This is a $5 add-on to the other program and tickets are non-refundable, rain or shine.","60","146","Early Tour","Historic Tour"
"2014-05-02 18:31:41","234641","2018-07-05 05:15:58","No","Reserved Seating Section Admission - GREEN","180","147","Reserved Seating Section Admission - GREEN","Historic Tour"
"2014-05-02 18:31:41","234641","2018-07-05 05:15:58","No","Reserved Seating Section Admission - BLUE","180","148","Reserved Seating Section Admission - BLUE","Historic Tour"
"2014-05-02 18:31:41","234641","2018-07-05 05:15:58","No","Reserved Seating Section Admission - SILVER","180","149","Reserved Seating Section Admission - SILVER","Historic Tour"
"2014-05-02 18:31:41","234641","2018-07-05 05:15:58","No","Reserved Seating Section Admission - RED","180","150","Reserved Seating Section Admission - RED","Historic Tour"
"2014-05-02 18:31:41","250006","2018-07-05 05:15:58","No","Seated General Admission","0","151","Seated General Admission","Historic Tour"
"2014-05-02 18:31:41","249985","2018-07-05 05:15:58","Yes","Haul lines to raise the sails with National Park Service Rangers as you explore the Bay aboard the historic 60 foot Alma! Take in dazzling views and San Franciscos riveting history: Native Americans, Spanish explorers, the Gold Rush, lighthouses, the Barbary Coast, Fishermans Wharf, earthquakes, shipbuilding and more! Before highways and bridges, hundreds of scow schooners like Alma plied San Francisco Bay, hauling goods as the flatbed trucks of their day. The last of her kind, Alma will transport you to a long ago era on this unique, hands-on, educational sailing program with the National Park Service. Sailing runs on selected days from  June to November. ","210","152","Sailing on Alma","Historic Tour"
"2014-05-02 18:31:41","250029","2018-07-05 05:15:58","No","Group D 2:30PM - 4:30PM","0","153","Group D 2:30PM - 4:30PM","Historic Tour"
"2014-05-02 18:31:41","249993","2018-07-05 05:15:58","No","The ranger-led, 1.5 hour Introduction to Caving Tour introduces visitors to the sport of caving. Although not a wild caving experience, the tour requires bending, crawling, and good physical condition. The tour is limited to 5 people, age 14 or older, and requires advanced tickets.   Add an additional 2+ hours for hiking to and from the caves. (Approx. 3 hours round trip)","240","154","Introduction to Caving Tour","Cave Tour"
"2014-05-02 18:31:41","249993","2018-07-05 05:15:58","No","All cave tours are guided by a park ranger. The regular  tour through all three caves lasts about an hour on a paved, lighted route. Touring the cool wet caves requires some bending and crouching. The caves are 45 F, 8 C. It is very common for these tours to sell out daily during the summer season. ","210","155","Cave Tour","Cave Tour"
"2014-06-19 04:30:56","250795","2018-07-05 05:15:58","No","Hike: Explore Your Park: Eastham and Wellfleet","180","156","Hike: Explore Your Park: Eastham and Wellfleet","Nature Tour"
"2014-06-19 04:30:56","250795","2018-07-05 05:15:58","No","Yoga at the Cove: Provincetown","75","157","Yoga at the Cove: Provincetown","Nature Tour"
"2014-06-19 04:30:56","250795","2018-07-05 05:15:58","No","Tidal Flats Foray: Provincetown","90","158","Tidal Flats Foray: Provincetown","Nature Tour"
"2014-06-19 04:30:56","250795","2018-07-05 05:15:58","No","Hike: Roads Less Traveled - Ballston Beach 7/19/14","180","159","Hike: Roads Less Traveled - Ballston Beach 7/19/14","Nature Tour"
"2014-06-19 04:30:56","250795","2018-07-05 05:15:58","No","Hike: Roads Less Traveled: Truro and Provincetown","210","160","Hike: Off the Beaten Path: Truro and Provincetown","Nature Tour"
"2014-06-19 04:30:56","250795","2018-07-05 05:15:58","No","Surfcasting 101","90","161","Surfcasting 101","Nature Tour"
"2014-06-19 04:30:56","250795","2018-07-05 05:15:58","No","Snorkeling Adventure: Truro and Provincetown","90","162","Snorkel: Underwater Worlds","Nature Tour"
"2014-06-19 04:30:56","250795","2018-07-05 05:15:58","No","Hike: Roads Less Traveled - Bound Brook Island 8/16/14","180","163","Hike: Roads Less Traveled - Bound Brook Island 8/16/14","Nature Tour"
"2014-06-19 04:30:56","250795","2018-07-05 05:15:58","No","Fish, Snails, and Horseshoe Crab Tales: Wellfleet","90","164","Fish, Snails, and Horseshoe Crab Tales: Eastham","Nature Tour"
"2014-06-19 04:30:56","250795","2018-07-05 05:15:58","No","Yoga on the Beach: Eastham","75","165","Yoga on the Beach: Eastham","Nature Tour"
"2014-07-10 04:59:52","233274","2018-07-05 05:15:58","No","For the first time since its establishment as a national park site in 1908, campers seeking overnight shelter will be invited to stay the night within the walls of Mission San Jos de Tumaccori.  Camping out under the stars is a beloved tradition in national parks, says Superintendent Bob Love, We are so excited to offer visitors the chance not just to camp here at Tumaccori, but to experience this place the way travellers did over one hundred years ago.","870","166","Family Sleepover","Historic Tour"
"2014-12-04 06:29:34","234641","2018-07-05 05:15:58","No","Overflow Tickets for the Standing Area","180","169","Overflow Tickets for the Standing Area","Historic Tour"
"2015-02-12 10:52:47","233362","2018-07-05 05:15:58","No","This 60-room site built on two ledges is one of the largest cliff dwellings in the park. Oak Tree House is a well preserved but fragile site that features plastered walls and varied architectural styles.<br><br>This tour is available from May 3rd, 2016 to May 28th, 2016 on Tuesdays and Saturdays and September 12th, 2016 to October 16th, 2016 on Mondays and Fridays. Meet the ranger for your hike at Sun Temple Overlook no later then 7:45 am. Hikers for Oak Tree House depart promptly at 8:00 am. Drive time from the park entrance is approximately one hour.","120","170","Oak Tree House","Cliff Dwelling Tour"
"2015-04-09 06:14:58","233266","2018-07-05 05:15:58","No","The Dripstone Trail Photo Tours allow for the use of time exposures, tripods, and other photo equipment. The tours provide time but not instruction for cave photography. There is no group rate for this tour.","240","172","Dripstone Trail Photo Tour","Cave Tour"
"2015-04-09 06:14:58","233266","2018-07-05 05:15:58","No","The Discovery Trail Photo Tours allow for the use of time exposures, tripods, and other photo equipment. The tours provide time but not instruction for cave photography. There is no group rate for this tour.","240","173","Discovery Trail Photo Tour","Cave Tour"
"2015-04-09 06:14:58","233362","2018-07-05 05:15:58","No","If you like both hiking and biking, this is the trip for you. This ranger-guided, 4.5 hour trek on the quieter side of Mesa Verde includes about 5 miles (8.1 km) of biking and 4 miles (6.4 km) of hiking. Expansive canyon views, spectacular overlooks of remote cliff dwellings, and a tour of magnificent Long House are all part of this adventure.<br><br>This tour is available from Wednesday, June 1st, 2016 to Sunday, September 4th, 2016 on Wednesdays and Sundays. It departs from the Wetherill Mesa parking lot. Meet the ranger at the picnic shelter by the restrooms at least 15 minutes advance. Total distance from the park entrance is 27 miles (43 km). Allow an hour and 15 minutes travel time from the park entrance. The group will leave promptly at 9:30 am.<br><br>Vehicles on this road are restricted to less than 8,000 pounds and 25-feet in length.","270","174","Wetherill Mesa Bike and Hike Adventure","Natural and Cultural Hike"
"2015-04-09 06:14:58","233373","2018-07-05 05:15:58","No","Explore what early travel was like in the forest in the historic Santiam River Area that once linked the Willamette Valley to eastern Oregon. The exact route will depend on snow conditions.  Conditions can be tough, no novices please.","480","175","Winter Snowshoe Hike on Santiam Pass ","Nature Tour"
"2015-04-09 06:14:58","233373","2018-07-05 05:15:58","No","Take a hike to the edge of the Middle Santiam Wilderness.  Photographers and artists bring your supplies and be prepared to hike in with them.  Enjoy a flowing river, old growth forest, and a swimming hole.","480","176","Art in the Great Outdoors ","Nature Tour"
"2015-04-09 06:14:58","233373","2018-07-05 05:15:58","No","Learn skills on how to survive an outdoor emergency in Western Oregon.","480","177","General Outdoor Preparedness","Nature Tour"
"2015-04-09 06:14:58","233373","2018-07-05 05:15:58","No","Hike through old growth Douglas-fir forest to subalpine meadows with great views of the Cascade peaks, with a side trip into Heart Lake.","480","178","Browder Ridge and Heart Lake ","Nature Tour"
"2015-05-21 06:25:00","251573","2018-07-05 05:15:58","Yes","A Guided Tour of Theodore Roosevelts Home provided park staff or a volunteer ","45","179","Guided Tour of Theodore Roosevelts Home","Historic Tour"
"2015-05-21 06:25:00","251573","2018-07-05 05:15:58","Yes","A Guided Tour of Theodore Roosevelts Home provided by park staff or a volunteer for commercial bus or other tour companies.","150","180","Large Group/Commercial Group Tour of Theodore Roosevelts Home","Historic Tour"
"2015-06-25 05:19:22","251610","2018-07-05 05:15:58","No","Squeeze through the narrow twisting passages of the Oregon Caves. See glistening flowstone and weird hanging curtains of rock. Discover the complex geology of the Siskiyou Mountains from the inside-out. Learn about cave life and the fossils found within these marble halls. But above all, or should we say under all, come and have an adventure! ","90","182","Discovery Tour","Cave Tour"
"2015-06-25 05:19:22","251610","2018-07-05 05:15:58","No","On summer Fridays and Saturdays, the last tour of the day is conducted by candle light. This gives visitors (ages 12 and over) a chance to see what early explorers of the cave might have seen as they went from room to room with a candle.","60","183","Candlelight Cave Tour","Historic Tour"
"2015-06-25 05:19:22","251610","2018-07-05 05:15:58","No","Experience the wondrous, wild areas of Oregon Caves National Monument off trail! Trained guides will teach you caving techniques, cave etiquette, and bring you face-to-face with the marble structure of Oregon Caves. This three-hour experience through tight squeezes and crawls will challenge and exhilarate you! This is a very strenuous, adventurous experience. Scramble boulders, belly crawl, negotiate uneven rock piles, and squeeze yourself through confined cave passages as small as 11 inches by 19 inches. The only source of light is your caving headlamp!","210","184","Off-Trail Tour","Cave Tour"
"2015-09-03 03:29:30","234640","2018-07-05 05:15:58","No","Descend nearly 200 stairs at the Carmichael Entrance, pass the craggy breakdown of the Rocky Mountains and enter gypsum encrusted Cleaveland Avenue. This tour showcases gypsum in various crystalline shapes and sizes. The beautifully elliptical Cleaveland Avenue terminates in the Snowball Dinning Room, viewed by visitors since 1840s. Visitors retrace Cleaveland Avenue, ascending nearly 200 stairs to the Carmichael Entrance. The entire route is seen on the Grand Avenue Tour. Restroom facilities and water fountains will be available in the Snowball Room. However, no food or beverages, other than water are permitted or provided.","150","185","Cleaveland Avenue","Cave Tour"
"2015-09-10 07:29:04","251745","2018-07-05 05:15:58","Yes","Access to Rapidan Camp involves traveling on a Park-operated van on a seven-mile unpaved administrative road. For this reason, visitors must join a Ranger-guided program to travel to the site. A ranger guided tour of Rapidan Camp includes time inside both the Brown House and the Prime Ministers Cabin, as well as time exploring the grounds and gardens within the Historic Landmark. The shuttle ride is approximately 30 minutes each way. Total tour time (including travel) is 2.5 hours. Tours can be reserved up to a week in advance. Seating is limited, so early reservations are recommended. These popular programs do require some walking and standing on level ground during the tour. Many tours are accessible and can accommodate a wheelchair on the shuttle and at the site.","150","187","Accessible Wheelchair ONLY Tour","Historic Tour"
"2015-09-10 07:29:04","251745","2018-07-05 05:15:58","No","Access to Rapidan Camp involves traveling on a Park-operated van on a seven-mile unpaved administrative road. For this reason, visitors must join a Ranger-guided program to travel to the site. A ranger guided tour of Rapidan Camp includes time inside both the Brown House and the Prime Ministers Cabin, as well as time exploring the grounds and gardens within the Historic Landmark. The shuttle ride is approximately 30 minutes each way. Total tour time (including travel) is 2.5 hours. Tours can be reserved up to a week in advance. Seating is limited, so early reservations are recommended. These popular programs do require some walking and standing on level ground during the tour. Many tours are accessible and can accommodate a wheelchair on the shuttle and at the site.","150","188","Historic Rapidan Camp Tour","Historic Tour"
"2015-09-10 07:29:04","251573","2018-07-05 05:15:58","Yes","A Guided Tour of Theodore Roosevelts Home provided by park staff or a volunteer  for non-commercial educational groups from schools and other bona fide academic institutions.","150","189","Group Tour of Theodore Roosevelts Home for Educational Institutions","Historic Tour"
"2015-11-12 02:48:35","234635","2018-07-05 05:15:58","Yes","WALK-UP Washington Monument","30","192","WALK-UP Washington Monument","Historic Tour"
"2015-11-12 02:48:35","234635","2018-07-05 05:15:58","Yes","2016 Washington Monument","30","193","2016 Washington Monument","Historic Tour"
"2016-02-04 07:41:08","251853","2018-07-05 05:15:58","No",".","90","194","Grand Palace","Cave Tour"
"2016-02-04 07:41:08","251853","2018-07-05 05:15:58","Yes",".","30","195","First Room","Cave Tour"
"2016-02-04 07:41:08","251853","2018-07-05 05:15:58","No",".","60","196","Lodge Room","Cave Tour"
"2016-02-04 07:41:08","251853","2018-07-05 05:15:58","No","1st Room","0","197","Gothic Palace - Accessible","Combo Tour"
"2016-02-11 06:37:17","251898","2018-07-05 05:15:58","No","After passing through the spider web gate, your guide will give you a brief history of the Cave and point out unique features and formations. You will then be led from room to room on paved, lighted pathways, pausing to listen to the water and echoes in the Cave in total darkness.","50","199","Family Tour","Cave Tour"
"2016-02-11 06:37:17","251898","2018-07-05 05:15:58","No","On this tour, your child will learn about the world of cave exploration by participating in his/her own cave adventure! Young explorers will be provided with all the necessary gear- helmet, kneepads, light- before entering the Cave with two trained naturalists. The group will leave the paved trail, away from the tour lights, for a short trip to The Well that lies below the main level of Crystal Cave. Cavers must be in good physical condition, able to climb over large rocks and have no fear of small or enclosed spaces. Participants should expect to get dirty!","150","200","Junior Caver Tour","Cave Tour"
"2016-02-11 06:37:17","251898","2018-07-05 05:15:58","No","Get an in-depth experience of Crystal Caves geology and the interesting plants and animals living in and around the Cave. Participants meet their naturalist at the beginning of the trail and the group proceeds on their ecosystem exploration inside the Cave. The Cave portion of the tour is led by flashlight. Flashlights provided.","90","201","Discovery Tour","Cave Tour"
"2016-02-11 06:37:17","251898","2018-07-05 05:15:58","No","Explore off-trail, crawl, and climb through passageways, over steep drop-offs and past intricate formations on a belly-crawling tour. This tour gives you the opportunity to learn about Sierran caves first hand. Your cave guide will explain how the delicate formations such as soda straws, rimstone dams and cave pearls are formed. Experience total darkness and silence interrupted only by the rhythmic sounds of dripping and flowing water. Expect to come away with great memories, new knowledge and insight, intermingled with sore muscles and a thick coating of dirt from head to toe. All participants must be in good physical condition to participate.","270","202","Wild Cave Tour","Cave Tour"
"2016-02-25 06:22:22","233362","2018-07-05 05:15:58","No","Begin your day as the Ancestral Pueblo people have for generations. Climb into Balcony House as the sun rises, and step into the 21st Century of our national parks. The tour begins at the north end of the Balcony House parking lot, a 24-mile (38.6 km), 1 to 11/4 hour drive from park entrance. Meet the ranger at the benches under shade structure at Balcony House at least 15 minutes in advance of start of tour.<br><br>Dress warmly and bring a flashlight. Cameras are welcome, but you must be able to carry all of your gear while keeping your hands free to climb the ladders.<br><br>The tour is available on May 7th, June 20th, June 21st, September 21st, September 22nd, and October 10th.","90","205","Balcony House Sunrise Tour","Cliff Dwelling Tour"
"2016-12-08 05:20:32","233373","2018-07-05 05:15:58","No","An easy hike to Horse Rock Ridge with its diverse array of wildflowers, then onto McDowell Creek Falls for another easy 3 mile hike.","480","206","Wildflowers and Waterfalls","Nature Tour"
"2016-12-08 05:20:32","233373","2018-07-05 05:15:58","No","An 8 mile roundtrip hike with 2000 elevation gain, through spruce and old-growth forests to subalpine meadows to the old lookout site.  Great views!","480","207","Crescent Mountain","Nature Tour"
"2016-12-08 05:20:32","233362","2018-07-05 05:15:58","No","As you hike to Spring House, you will be rewarded with views of alcove sites in Navajo and Wickiup Canyons. Spring House is the largest unexcavated cliff dwelling in the park. It has 86 rooms and seven kivas. This site is extremely fragile. You will not enter the site, but will get excellent views of the cliff dwelling from a platform built at the south end of the village.<br><br>This tour is available from Sunday May 1st, 2016 to Wednesday, May 25, 2016 on Sundays and Wednesdays and from Sunday September 11th, 2016 to Wednesday, October 12th, 2016 on Sundays and Wednesdays. Hikers depart for Spring House at 8:00 am from the Chapin Mesa Archeological Museum. Meet the ranger for your hike at least 15 minutes in advance. Drive time to the museum from the park entrance is approximately 45 minutes.","480","209","Spring House","Cliff Dwelling Tour"
"2016-12-08 05:20:32","233362","2018-07-05 05:15:58","No","Named for three mugs tied together with yucca rope found hanging inside one of its rooms, Mug House was first visited by the Wetherill brothers of Mancos, Colorado in 1889. The site was not completely excavated and stabilized until 1960-61 as part of the Wetherill Mesa Project, a joint project of the National Park Service and National Geographic Society.<br><br>Mug House was built over several decades in the AD 1100s and 1200s and likely supported a population of 80 to 100 people. Along the route to this amazing site, you will visit other Ancestral Puebloan sites including Adobe Cave, which features partially excavated rooms. This ranger-guided hike offers wonderful views of Rock Canyon.<br><br><b>Vehicles on this road are restricted to less than 8,000 pounds and 25-feet in length.</b>","120","210","Mug House","Cliff Dwelling Tour"
"2016-12-08 05:20:32","233362","2018-07-05 05:15:58","No","Yucca House National Monument is located 8 miles south of Cortez, Colorado. The large, unexcavated pueblo was probably built around AD 1200. The massive building and central location in the Montezuma Valley suggest that it was an important village. Yucca House has limited on-site parking, so tour participants will meet at the Colorado Welcome Center in Cortez and carpool to the site. A brief orientation will precede the tour. Meet the ranger at 8:00 am at the Colorado Welcome Center at 928 E. Main, Cortez, Colorado (on the corner of Mildred and Main.)<br><br>The Yucca House tour is available on Saturday May 14th, 2016 and Saturday September 10th, 2016.","180","211","Yucca House","Historic Tour"
"2016-12-08 05:20:32","233373","2018-07-05 05:15:58","No","Come see Gordon Meadows in full bloom.  Enjoy wildflowers such as Camas Lily, Elephant Head, Sundew and much more. Come prepared for a day in the forest.  Bring lunch, water, and appropriate clothing..","480","212","Gordon Meadows","Nature Tour"
"2016-12-08 05:20:32","233373","2018-07-05 05:15:58","No","Explore cultural history, wildflowers, panoramic views and geological formations that surround these two landmarks.","480","213","Iron Mountain/ Cone Peak","Historic Tour"
"2016-12-08 05:20:32","233373","2018-07-05 05:15:58","No","Hikers will climb to an old lookout with an expansive view.  Follow an ancient Indian route will old growth forest and rock gardens.  The trail is rocky and steep.","480","214","Tidbits Mountain","Historic Tour"
"2016-12-08 05:20:32","234637","2018-07-05 05:15:58","No","Haunted History: Ghosts of the Caves Past ","90","215","Haunted History","Historic Tour"
"2016-12-08 05:20:32","234637","2018-07-05 05:15:58","No","The Kings Palace tour is a moderately strenuous tour.  There is a steep 80 foot hill you must go down initially and then back up at the end of the tour.","90","216","Kings Palace Photo Tour","Cave Tour"
"2016-12-08 05:20:32","234638","2018-07-05 05:15:58","No","Top Cottage ","45","217","Top Cottage ","Historic Tour"
"2016-12-08 05:20:32","234640","2018-07-05 05:15:58","Yes","Mammoth Cave Accessible Tour","120","219","Mammoth Cave Accessible Tour","Cave Tour"
"2016-12-08 05:20:32","250795","2018-07-05 05:15:58","No","Offered at 2:00 p.m. on Sundays, 10:00 a.m. on Mondays; 2:00 p.m. on Tuesdays; 10:00 a.m. and 2:00 p.m. on Fridays; 2:00 p.m. on Saturdays in July and August 2016 in Eastham. 1  hours, 1  miles. Take a leisurely paddle in the protected waters of the Salt Pond and nearby area of Nauset Marsh to explore its beauty and diversity. Reservations for this program are taken no more than one week in advance beginning at 10 AM. Organized groups of more than 8 people may not register. Check at the visitor center 508-255-3421 ext 0 to see if same day reservations are available.","90","220","Canoe Trip: Salt Pond Paddle: Eastham","Nature Tour"
"2016-12-08 05:20:32","250795","2018-07-05 05:15:58","No","Offered on Sundays in July and August 2016 in Wellfleet and Provincetown. Up to 3 hours, 3 miles. Paddle the far west end of Provincetown Harbor or a series of Wellfleet kettle ponds. If conditions permit, swimming and snorkeling may also be possible. Canoeing experience, including the ability to paddle in strong winds, required. Reservations for this program are taken no more than one week in advance beginning at 10 AM. Organized groups of more than 8 people may not register. Check at the visitor center 508-487-1256 to see if same day reservations are available.","180","221","Canoe Trip: Paddling Adventure: Wellfleet and Provincetown","Nature Tour"
"2016-12-08 05:20:32","251573","2018-07-05 05:15:58","Yes","The Boy Scouts of America and the Girl Scouts of United States of America are partners with the National Park Service in encouraging young people to explore their National Parks.  Sagamore Hill NHS continues TRs dedication to scouting by offering opportunities for achievementbased programs along with a guided tour of Theodore Roosevelts Home.  Information about available programs are found at: https://www.nps.gov/sahi/learn/kidsyouth/scouting.htm. After making your reservation, please coordinate with our Scout Coordinator by calling 516-922-4788 or email SAHI_Interpretation@nps.gov","120","222","Scout Program & Tour of Theodore Roosevelts Home","Historic Tour"
"2016-12-08 05:20:32","251573","2018-07-05 05:15:58","Yes","A Guided Tour of Theodore Roosevelts Home provided by park staff or a volunteer.","45","223","Fee Free Guided Tour of Theodore Roosevelts Home","Historic Tour"
"2016-12-08 05:20:32","251937","2018-07-05 05:15:58","Yes","Six blocks of downtown Skagway, Alaska are designated as a National Historic District. Within this zone, private, state, city, and federal interests have cooperated to preserve or restore the late 1890s atmosphere. Klondike Gold Rush NHP manages 20+ buildings in the Historic District and just outside its boundary. These buildings are being preserved by the National Park Service to honor the struggles of the stampeders of the Klondike Gold Rush and to preserve the legacy of this important event in our nations history. The walking tour retraces the steps of people who flooded the area creating a boomtown on their way to Klondike in 1898. ","45","224","Untold Stories: Topic Varies Historic District Walking Tour","Historic Tour"
"2016-12-08 05:20:32","251937","2018-07-05 05:15:58","Yes","A visit to Dyea (map) provides a great opportunity to experience the nature and wildlife of Southeast Alaska, but this scenic area in the Taiya River Valley is a far cry from what Dyea was like at the turn of the 20th century. Dyea became a boomtown during the Klondike Gold Rush because it was the start of the famous Chilkoot Trail. Thousands of people poured through Dyea on their way to the gold fields. Today the original townsite is recognized as a National Historic Landmark and is managed, along with the Chilkoot Trail, as a unit within Klondike Gold Rush NHP. Join a park ranger for a guided tour of the townsite to learn more about the history, flora and fauna of the area, or spend a night or two at the National Park Service campground.","90","225","Dyea Walking Tour","Historic Tour"
"2016-12-08 05:20:32","251937","2018-07-05 05:15:58","Yes","One of Skagways most prominent buildings, the Jeff. Smiths Parlor Museum is forever connected to the notorious outlaw Jefferson Randolph Soapy Smith. Although Smith led his nefarious band of con men from its cramped rooms, he only occupied the building for three short months before his death in a gunfight. What happened to the building after Smiths demise is a unexpected story with a surprising array of owners, uses, and even relocations. Step inside and experience the facinating museum to Jefferson Soapy Smith created by Skagway promoters Martin Itjen and George Rapuzi.  See the impressive array of curios and artifacts and youll agree its the greatest attraction in the world.","30","226","Jeff. Smiths Parlor Museum Guided Tour","Historic Tour"
"2016-12-08 05:20:32","251944","2018-07-05 05:15:58","No","Travel back in time with a costumed ranger to explore more than 140 years of lighthouse history. Tours last 40-45 minutes and are historic in nature. Roughly twenty minutes is spent on the ground floor of the Lighthouse exploring the Work Room, Oil Room, and Rotunda. Upon climbing 114 steps up the tower you can glimpse above at a First Order Fresnel Lens that is still in use as an active aid to navigation. Climb a few more steps and catch a stunning view of Oregons coastline. ","45","227","Yaquina Head Lighthouse Tour","Historic Tour"
"2016-12-08 05:20:32","251978","2018-07-05 05:15:58","No","A hidden oasis of green, Fern Cave has been a sanctuary for native peoples over more than a thousand years; their pictographs still mark the cave walls. The caves fragile microclimate supports a lush, vibrant haven for plants and animals otherwise not found for hundreds of miles.","60","228","Fern Cave","Cave Tour"
"2016-12-08 05:20:32","252276","2018-07-05 05:15:58","No","This tour is Sold at the Park only. The Cape Lookout Lighthouse is open for climbing from the second week in May to the third weekend in September. Self-guided tours of up to 10 people will begin every 15 minutes during the hours of operation.  Tickets are required.","0","229","Cape Lookout Lighthouse","Historic Tour"
"2016-12-08 05:20:32","252276","2018-07-05 05:15:58","No","Take a walk on the wild side! Join Dr. Sue Stuska, the wildlife biologist who monitors the wild horses, in an amazing horse watching trip on Shackleford Banks. Get an in-depth look at wild horse behaviors and the management practices needed to maintain a wild horse herd.","0","230","Horse Sense & Survival","Nature Tour"
"2016-12-08 05:20:32","251978","2018-07-05 05:15:58","No","While several caves within Lava beds National Monument contain ice, none boast the same spectacular formations that can be found in Crystal Ice Cave. The unique conditions of this cave allow water to collect and form features such as ice stalactites and stalagmites, hoodoos, and what is known as the ice water fall.","180","231","Crystal Ice Cave","Cave Tour"
"2016-12-08 05:20:32","252034","2018-07-05 05:15:58","No","Lighthouse Climb","60","232","Cape Hatteras Lighthouse Full Moon Tour","Historic Tour"
"2016-12-08 05:20:32","252275","2018-07-05 05:15:58","No","Boat 3","120","233","Boat 3 (Sandy Hook Canoe Cruise)","Nature Tour"
"2016-12-08 05:20:32","252275","2018-07-05 05:15:58","No","Boat 4","120","234","Boat 4 (Sandy Hook Canoe Cruise)","Nature Tour"
"2016-12-08 05:20:32","252275","2018-07-05 05:15:58","No","Boat 5","120","235","Boat 5 (Sandy Hook Canoe Cruise)","Nature Tour"
"2016-12-08 05:20:32","252275","2018-07-05 05:15:58","No","Boat 1","120","236","Boat 1 (Sandy Hook Canoe Cruise)","Nature Tour"
"2016-12-08 05:20:32","252275","2018-07-05 05:15:58","No","Boat 2","120","237","Boat 2 (Sandy Hook Canoe Cruise)","Nature Tour"
"2016-12-08 05:20:32","252276","2018-07-05 05:15:58","No","This opportunity will be offered on select dates near the full moon during the months of June, July, August, September. Bring your own flashlight and experience the island and the lighthouse as the keepers did, in the dark of night. Hear stories of the light keepers, watch the sunset and moon and stars come out on the unlit beaches of Cape Lookout National Seashore. Discover a different side to your favorite beach!","180","238","Evening at the Cape","Historic Tour"
"2016-12-08 05:20:32","252277","2018-07-05 05:15:58","Yes","This three-part curriculum-based program begins with viewing our multimedia presentation, The Road to Revolution at Minute Man Visitor Center (a separate reservation is NOT required for the multimedia show when you reserve this program). Following the film, students travel by bus to Hartwell Tavern where they meet a Colonial Militiaman, British Soldier or Daughter of Liberty (portrayed by a Park Ranger) and discover what it was like to live through this incredible period of history and the events of 1775. ","180","239","_old_Rebels, Redcoats and Homespun Heroes Educational Program/Hartwell Tavern Location","Historic Tour"
"2016-12-08 05:20:32","252277","2018-07-05 05:15:58","Yes","This three-part curriculum-based program begins with viewing our multimedia presentation, The Road to Revolution at Minute Man Visitor Center (a separate reservation is NOT required for the multimedia show when you reserve this program). Following the film, students travel by bus to Hartwell Tavern where they meet a Colonial Militiaman, British Soldier or Daughter of Liberty (portrayed by a Park Ranger) and discover what it was like to live through this incredible period of history and the events of 1775.","105","240","Road to Revolution at Minute Man Visitor Center / Rebels, Redcoats and Homespun Heroes at Hartwell Tavern","Historic Tour"
"2016-12-08 05:20:32","252277","2018-07-05 05:15:58","Yes","This three-part curriculum-based program begins with viewing our multimedia presentation, The Road to Revolution at Minute Man Visitor Center (a separate reservation is NOT required for the multimedia show when you reserve this program). Following the film, students meet a Colonial Militiaman, British Soldier or Daughter of Liberty (portrayed by a Park Ranger) and discover what it was like to live through this incredible period of history and the events of 1775. ","105","241","Road to Revolution at Minute Man Visitor Center / Rebels, Redcoats and Homespun Heroes at Whittemore House","Historic Tour"
"2016-12-08 05:20:32","252277","2018-07-05 05:15:58","Yes","This award winning, multimedia theater program gives an excellent introduction to the historic events of April 19, 1775. Advance reservations are available for groups of 15 or more. Individuals or smaller groups do not need a reservation. ","25","242","The Road to Revolution (Group Reservations only)","Movie Tour"
"2016-12-08 05:20:32","252279","2018-07-05 05:15:58","No","Learn about Congaree National park while enjoying a 30 to 45 minute ranger led canoe trip on the Cedar Creek Canoe Trail. All participants must be at least 6 years of age or older and must be able to swim. This program is offered on a first come first served basis (no reservations required).   Meet park rangers at South Cedar Creek canoe launch.","45","243","Introduction to the Cedar Creek Canoe Trail","Nature Tour"
"2016-12-08 05:20:32","252279","2018-07-05 05:15:58","No","Have you ever wanted to take a canoe trip on Cedar Creek with a park ranger? The park offers a limited number of free guided canoe tours each year allowing visitors to experience the Congaree Wilderness in a unique way. While on the creek, rangers will talk about the natural and cultural history of the last remaining old-growth buttomland forest in the United States. Visitors will see large bald cypress, loblolly pine and a variety of wildlife while on the tour. Would you like to join us?","180","244","Ranger Guided Canoe Tour","Nature Tour"
"2016-12-08 05:20:32","252948","2018-07-05 05:15:58","Yes","This tour is more than just a walk through history. During this 2 hour tour you will not only learn about the importance of light houses to the maritime history of California but you will see amazing wildlife which could include whales, elephant seals, Peregrine Falcons and any of the 100s of species which call Piedras Blancas Home.  Your knowledible docent will guide you on an easy 1/2 mile walk through our nature preserve and historic buildings including the 140 year old Piedras Blancas Light House.   ","120","249","Piedras Blancas Light Station Tour","Historic Tour"
"2016-12-08 05:20:32","253503","2018-07-05 05:15:58","No","FULL MOON BIKE RIDE","180","250","FULL MOON BIKE RIDE","Nature Tour"
"2016-12-08 05:20:32","253503","2018-07-05 05:15:58","No","LAKE LUCERO","180","251","LAKE LUCERO","Nature Tour"
"2016-12-08 05:20:32","253503","2018-07-05 05:15:58","No","Sunrise Arts","120","252","Sunrise Arts","Nature Tour"
"2016-12-08 05:20:32","253503","2018-07-05 05:15:58","No","FULL MOON HIKE","60","253","FULL MOON HIKE","Nature Tour"
"2016-12-08 05:20:32","253503","2018-07-05 05:15:58","No","STEP THROUGH TIME","180","254","STEP THROUGH TIME","Historic Tour"
"2016-12-08 05:20:32","253731","2018-07-05 05:15:58","Yes","Observe Sunrise from Haleakala Summit is a popular activity among visitors to Maui. Parking at the Haleakala Summit is limited. This reservation ensures that you will have a parking space at one of the four sunrise viewing locations at the summit.","240","255","Haleakala Sunrise - Summit","Nature Tour"
"2016-12-15 05:19:49","251898","2018-07-05 05:15:58","No","After passing through the Spider Web Gate, your guide will give you a brief history of Crystal Cave and point out unique features and formations.  You will then be led from room to room on a paved, lighted pathways, pausing to listen to water and echoes of the cave in total darkness","50","256","Family Tour (13 and up)","Cave Tour"
"2016-12-15 05:19:49","251898","2018-07-05 05:15:58","No","Come celebrate the night skies with us!  During Sequoia and Kings Canyon annual Dark Sky Festival we will be hosting special cave programs at Crystal Cave.  Did you ever wonder if there really is a possibility of Life on Other Worlds?  Does the answer lie in caves?  Come and see us during the Dark Sky Festival and find out! ","50","257","Life on Other Worlds","Cave Tour"
"2017-02-02 05:37:50","234787","2018-07-05 05:15:58","No","Dances of the Ancients","120","258","Dances of the Ancients - 9:30 am","Historic Tour"
"2017-02-02 05:37:50","234787","2018-07-05 05:15:58","No","Partial Eclipse of the Sun - Special One-Time Event for 2017 ONLY","165","259","Partial Eclipse of the Sun","Historic Tour"
"2017-02-23 05:27:31","234787","2018-07-05 05:15:58","No","This combination package begins at the upper parking lot with a one-hour guided tour of the Pueblo Trail.  You will see several unexcavated sites along the way to the Great House Pueblo, with awe-inspiring views of the San Juan Mountains and the two pinnacles. This moderately-challenging unimproved trail has a 200-foot elevation gain and exposure to heights and steep drop-offs. Parents are asked to closely supervise their children for the safety of all attendees. </p>","0","260","Early Tour & Dances of the Ancients Package 8:30 am","Combo Tour"
"2017-02-23 05:27:31","251937","2018-07-05 05:15:58","Yes","Weekdays at 9:00, 11:00, and 3:00. Rangers reveal characters and stories of Skagways early days. Explore the heart of the National Historic District with 2-3 stops outside colorful, gold rush buildings. All tours cover the basics of the gold rush story. All tours end at the Moore Homestead Museum for a free look inside a restored frontier family home. Check out a <a href=https://www.nps.gov/klgo/planyourvisit/walking-tours.htm>video of walking tour highlights</a>.","45","261","Gold Rush 101 Historic District Walking Tour","Historic Tour"
"2017-02-23 05:27:31","251937","2018-07-05 05:15:58","Yes","Men of the 24th Infantry - an all African American unit - maintained law and order in frontier Skagway. They served as the communitys emergency response unit and border patrol. Yet, they sparked controversy when they joined Alaskas first Young Mens Christian Association (Y.M.C.A.). Join a ranger to explore the Buffalo Soldiers contributions to Skagways past on this four block stroll of the historic district.","45","262","Untold Stories: Buffalo Soldiers Historic District Walking Tour","Historic Tour"
"2017-02-23 05:27:31","255304","2018-07-05 05:15:58","Yes","Buses will pick visitors up from designated parking lots in Gatlinburg, TN and will drop them off at Clingmans Dome for the event. Buses will return visitors to Gatlinburg at the end of the day.","0","263","Leaving from Gatlinburg, TN","Nature Tour"
"2017-02-23 05:27:31","255304","2018-07-05 05:15:58","Yes","Buses will pick visitors up from designated parking lots in Cherokee, NC and will drop them off at Clingmans Dome for the event.  Buses will return visitors to Cherokee at the end of the day.","0","264","Leaving from Cherokee, NC","Nature Tour"
"2017-03-16 05:22:33","234787","2018-07-05 05:15:58","No","Dances of the Ancients","0","265","Dances of the Ancients - 12:30 pm","Historic Tour"
"2017-03-16 05:22:33","234787","2018-07-05 05:15:58","No","If youve never been to Chimney Rock National Monument, take this opportunity to learn more about the people who lived in this wondrous site 1,000 years ago. Youll walk the one-third-mile Great Kiva Trail with a tour guide, and then climb the Pueblo Trail in time for the full moon program.  Guests will see a 44-foot diameter excavated great kiva on this early tour. Also on this easy trail, theres an excavated pit house, a typical residence of the ancient ones. This is a $5 add-on to the other program and tickets are non-refundable, rain or shine.","60","266","Early Tour - 8:30 am","Historic Tour"
"2017-03-16 05:22:33","234787","2018-07-05 05:15:58","No","If youve never been to Chimney Rock National Monument, take this opportunity to learn more about the people who lived in this wondrous site 1,000 years ago. Youll walk the one-third-mile Great Kiva Trail with a tour guide, and then climb the Pueblo Trail in time for the full moon program.  Guests will see a 44-foot diameter excavated great kiva on this early tour. Also on this easy trail, theres an excavated pit house, a typical residence of the ancient ones. This is a $5 add-on to the other program and tickets are non-refundable, rain or shine.","60","267","Early Tour - 11:30 am","Historic Tour"
"2017-03-16 05:22:33","234787","2018-07-05 05:15:58","No","This combination package begins at the upper parking lot with a one-hour guided tour of the Pueblo Trail.  You will see several unexcavated sites along the way to the Great House Pueblo, with awe-inspiring views of the San Juan Mountains and the two pinnacles. This moderately-challenging unimproved trail has a 200-foot elevation gain and exposure to heights and steep drop-offs. Parents are asked to closely supervise their children for the safety of all attendees. </p>","0","268","Early Tour & Dances of the Ancients Package 11:30 am","Combo Tour"
"2017-03-30 05:19:45","257458","2018-07-05 05:15:58","No","Mt. Hebo South Point Parking Area","0","269","Mt. Hebo South Point Parking Area","Nature Tour"
"2017-03-30 05:19:45","257458","2018-07-05 05:15:58","No","Mt. Hebo Communication Site","0","270","Mt. Hebo Communication Site","Nature Tour"
"2017-03-30 05:19:45","257459","2018-07-05 05:15:58","No","Marys Peak Day Use Area Parking Area","0","271","Marys Peak Day Use Area Parking Area ","Nature Tour"
"2017-03-30 05:19:45","257459","2018-07-05 05:15:58","Yes","Marys Peak Day Use Area Parking Area (accessible parking)","0","272","Marys Peak Day Use Area Parking Area (accessible parking)","Nature Tour"
"2017-03-30 05:19:45","257459","2018-07-05 05:15:58","No","Marys Peak Campground Overflow Parking Area","0","273","Marys Peak Campground Overflow Parking Area","Nature Tour"
"2017-03-30 05:19:45","257459","2018-07-05 05:15:58","No","Woods Creek Trailhead Parking Area","0","274","Woods Creek Trailhead Parking Area","Nature Tour"
"2017-04-06 05:41:31","257458","2018-07-05 05:15:58","Yes","Mt. Hebo Communication Site (accessible parking)","0","275","Mt. Hebo Communication Site (accessible parking)","Nature Tour"
"2017-04-20 05:20:57","233373","2018-07-05 05:15:58","Yes","Join us in celebrating the successes and the stories of the Civilian Conservation Corps. This annual event at Longbow Organizational Camp is free and open to the public, we just ask you bring a potluck dish to share.  Program begins at 11:00 am. If you would like transportation, call the Sweet Home Ranger District front desk at 541-367-5168","300","276","CCC Annual Picnic","Nature Tour"
"2017-04-20 05:20:57","233373","2018-07-05 05:15:58","No","Follow in the footsteps of Oregons own John Muir, Judge JB Waldo. Travel the Old Cascades visiting his favorite campsites and fishing holes.","480","277","In Search of Judge Waldo","Nature Tour"
"2017-04-20 05:20:57","233373","2018-07-05 05:15:58","No","Experience the total eclipse of the sun in a beautiful mountain meadow, followed by gathering huckleberries. Eclipse glasses will be available to purchase at the Ranger District, or bring your own. Eclipse glasses will be required for this hike. Dont forget a berry container and come prepared for a day in the forest.  Bring water, lunch, and appropriate clothing.","420","278","Total Eclipse from Gordon Meadows and Huckleberry Picking","Nature Tour"
"2017-04-20 05:20:57","233373","2018-07-05 05:15:58","No","An easy 2 mile hike to learn about the ecology and identification of the common mosses and lichens adorning our trees and forest floor while enjoying Spring wildflowers.","360","279","Lichens Mosses and Early Wildflowers","Nature Tour"
"2017-04-20 05:20:57","233373","2018-07-05 05:15:58","No","Be part of our Citizen Scientist experience and record the initial listing of the Sweet Home Ranger District Big Tree inventory. We will measure very large trees and feel the heartbeat of their magnificence. Historical and botanical values will be recognized and documented. ","480","280","Big Tree Expedition","Nature Tour"
"2017-06-08 05:34:49","261701","2018-07-05 05:15:58","Yes","Tours are of the first, second, and third floors of Dr. Carter G. Woodsons home. The site is still undergoing renovation and adjoining structures are not yet completed.","30","281","Tour of the Carter G. Woodson Home","Historic Tour"
"2017-06-08 05:34:49","261701","2018-07-05 05:15:58","Yes","Tours are of the first, second, and third floors of Dr. Carter G. Woodsons home. The site is still undergoing renovation and adjoining structures are not yet completed.","30","282","Group Tour of the Carter G. Woodson Home","Historic Tour"
"2017-06-15 05:30:37","250795","2018-07-05 05:15:58","No","Photography Hike: Exploring Nature with your Camera","180","283","Photography Hike: Exploring Nature with your Camera","Nature Tour"
"2017-06-15 05:30:37","250795","2018-07-05 05:15:58","No","Kayak Trip: Kayak the Outer Cape: Truro and Provincetown","180","284","Kayak Trip: Kayak the Outer Cape: Truro and Provincetown","Nature Tour"
"2017-06-22 05:35:17","250795","2018-07-05 05:15:58","No","Experienced Paddlers Canoe Adventure","180","285","Experienced Paddlers Canoe Adventure","Nature Tour"
"2017-08-31 05:29:59","233266","2018-07-05 05:15:58","No","Interagency Senior Annual Pass","0","286","Interagency Senior Annual Pass","Pass"
"2018-01-25 05:22:10","234642","2018-07-05 05:15:58","No","Group A","120","287","Group A","Pass"
"2018-01-25 05:22:10","233338","2018-07-05 05:15:58","No","Next this Deluxe Tour provides exclusive access, via your smart phone, to the National Park Services WWII archives and videos on the attack at Pearl Harbor at each of the narrated tour stops.","180","288","Deluxe Tour","Historic Tour"
"2018-01-25 05:22:10","233338","2018-07-05 05:15:58","No","This reservation includes a free, timed USS Arizona Memorial program ticket. This comprehensive three hour self-guided package incorporates three incredible Pearl Harbor tour experiences. ","0","289","USS Arizona Memorial Deluxe Tour","Combo Tour"
"2018-02-08 05:46:30","234787","2018-07-05 05:15:58","No","This 1.5 hour guided tour explores local geology and its relationship to the daily lives of the ancestral Puebloans who lived at Chimney Rock.  Rock types impact structures, pottery, tools, and soil productivity; geologic processes determine the landscape, and, at Chimney Rock, play a central role in climate.  The hike up the Pueblo Trail to the Chacoan Great House may be difficult for some in terms of the steep gradient, uneven footing, and elevation. ","90","291","Geology Tour","Historic Tour"
"2018-02-08 05:46:30","234787","2018-07-05 05:15:58","Yes","Gather around the Great Kiva as sunset approaches, to enjoy Native American stories told by tribal storytellers.  After the story telling, well return to the upper parking lot to enjoy the sunset.","240","292","Stories at Sunset","Historic Tour"
"2018-02-15 05:50:59","233362","2018-07-05 05:15:58","No","Looking for an early morning adventure? This daily, early bird tour offers benefits of a small group size, cooler temperatures, and more time in the dwelling than a regular Balcony House tour. It is also available for advance, online reservations!  <br><br>  On this 90-minute tour, you will climb a 32-foot (9.8 m) ladder, crawl through an 18-inch wide (45 cm) and 12-foot (3.7 m) long tunnel, and climb up a 60-foot (20 m) open cliff face with stone steps and two 10-foot (3 m) ladders to exit.   <br><br>  Cameras are welcome, but you must be able to carry all of your gear while keeping your hands free to climb the ladders.  <br><br>  The tour begins at the north end of the Balcony House parking lot, a 24-mile (38.6 km), 1 to 11/4 hour drive from park entrance. Meet the ranger at the benches under the shade structure at Balcony House at least 15 minutes in advance of start of tour.  <br><br>  The tour is offered daily at 8:00 am from May 27, 2018 to September 8, 2018. ","90","295","Balcony House Early Bird Tour","Cliff Dwelling Tour"
"2018-02-15 05:50:59","233362","2018-07-05 05:15:58","No","This short but strenuous hike leads to a stunning and surprisingly intimate cliff dwelling. Unusual aspects of this site include an original kiva roof and the Crows Nest, features that cannot be seen from the viewpoint on the canyon rim.<br><br>This strenuous 2-hour, 1-mile (2.6km) round-trip hike is along an unpaved, uneven trail that descends 100 feet (30 m), and includes steep drop-offs, switchbacks, climbing three ladders (the longest is 20 feet [6.1m]), and scrambling up and down boulders. Wear sturdy hiking shoes or boots, bring at least 1/2 gallon (1.8 liters) of water per person, and sun protection.<br><br>This hike may not be appropriate for young children. Each hiker must be able to scramble over boulders and navigate steep gravel trails unassisted. Please, bring no food or snacks! Archeological sites are vulnerable to damage caused by rodents attracted to crumbs and dropped snacks.","120","296","Square Tower House","Cliff Dwelling Tour"
"2018-03-08 05:22:31","234787","2018-07-05 05:15:58","No","Attendees rise early and watch the sun rise from two special places at Chimney Rock. ","120","297","Summer Sunrise","Historic Tour"
"2018-03-08 05:22:31","273800","2018-07-05 05:15:58","No","The popular Dog Mountain - Augspurger Loop Trail is a strenuous 6.8-mile loop that climbs 2,828 feet. Approximate hiking time is three to six hours. The area provides opportunities for several shorter hikes as well. Visitors can expect crowded conditions along the trail on weekends during the wildflower season. ","0","298","Dog Mountain Trail System","Nature Tour"
"2018-03-15 05:32:37","234787","2018-07-05 05:15:58","No","Prior to the Stories at Sunset program, enjoy a 1-hour guided tour of the Pueblo Trail, which takes you to the pueblo site just below the two pinnacles which give Chimney Rock its name. Be aware that this trail is unimproved and includes steep sections and sheer drop-offs with no handrails. This is a $5 add-on ($2.50 add-on for children 5-12) to the Stories at Sunset program.","60","299","Early Tour - Stories","Historic Tour"
"2018-03-15 05:32:37","234787","2018-07-05 05:15:58","No","Prior to the Stories at Sunset program, a guided tour of the Pueblo Trail will be offered for 25 people.","0","300","Early Tour & Stories at Sunset Package","Combo Tour"
"2018-04-19 05:18:08","274287","2018-07-05 05:15:58","No","Watch as the sun appears to melt into the lake. Experience one of the best views of the lake at one of the most picturesque times of the day. This will be an inspiring and beautiful experience you wont soon forget.","120","301","Sunset Tour","Nature Tour"
"2018-04-19 05:18:08","274287","2018-07-05 05:15:58","No","Suppose you had a clear, moonless night. How many stars could you see with the eye alone?","210","302","Night Sky Tour","Nature Tour"
"2018-04-26 05:16:23","233373","2018-07-05 05:15:58","No","Enjoy a day of paddling Daly Lake and conducting a biological inventory of the lake. ","240","303","Paddle Board/Kayak Daly Lake with the Ranger","Nature Tour"
"2018-04-26 05:16:23","233373","2018-07-05 05:15:58","No","Enjoy a 13 mile horseback  ride","480","304","Horseback Ride With The Ranger","Nature Tour"
"2018-04-26 05:16:23","233373","2018-07-05 05:15:58","Yes","Create your own ornament to go to Washington DC for the 2018 Capitol Christmas Tree. This will be a day spent crafting outdoors at Longbow shelter.There will be supplies provided to create three ornaments. Please feel free to bring your own medium for a project. There is no electrcity at this facility. This is a free event. To register please call the  Sweet Home Ranger District front desk. 541-367-5168","390","305","U.S. Capitol Christmas Tree Ornament Making","Nature Tour"
"2018-04-26 05:16:23","233373","2018-07-05 05:15:58","No","Enjoy a 19 mile single-track mountain bike ride on the historic Santiam Wagon Road going back in time to learn about the importance of this historic route to early settlers.  The ride is rated as moderately difficult, has rolling hills, and an overall descent of 1000 feet. We will ride downhill and be picked up via shuttle at House Rock Campground.  The shuttle vehicles will take participants and their bikes back to their vehicles at Fish Lake.     ","480","306","Mountain Biking with the Ranger","Nature Tour"
"2018-04-26 05:16:23","233373","2018-07-05 05:15:58","Yes","Join the City of Sweet Homes celebration parade adnd send off of the U.S. Cappitol  Christmas Tree as itmakes its way along The Oregon Trail  (in reverse) to the West Lawn of the Capitol in Washington D.C.  The time for this event has not been determined.  contact ; Nikki Swanson nswanson@fs.fed.us","360","307","U.S. Capitol Christmas Tree Send Off","Nature Tour"
"2018-04-26 05:16:23","274313","2018-07-05 05:15:58","No","Beat 1","0","308","Beat 1","Nature Tour"
"2018-04-26 05:16:23","274313","2018-07-05 05:15:58","No","Beat 2","0","309","Beat 2","Nature Tour"
"2018-04-26 05:16:23","274313","2018-07-05 05:15:58","No","Beat 3","0","310","Beat 3","Nature Tour"
"2018-05-10 05:17:42","251610","2018-07-05 05:15:58","No","Take a journey into the underground to discover the uniqueness of Oregon Caves together as a family!","90","311","Family Cave Tour","Cave Tour"
"2018-05-17 05:14:08","274348","2018-07-05 05:15:58","Yes","Bus Parking","180","312","Bus Parking","Pass"
"2018-05-17 05:14:08","274349","2018-07-05 05:15:58","No","Hop on a tandem kayak","150","313","Moonlight (7:30 pm - 10:00 pm) Kayak at Oak Bottom","Nature Tour"
"2018-05-17 05:14:08","274349","2018-07-05 05:15:58","No","Hop on a tandem kayak","150","314","Morning (9:00 am-11:30 am) Kayak at Oak Bottom","Nature Tour"
"2018-05-17 05:14:08","274349","2018-07-05 05:15:58","No","Hop on a tandem kayak","150","315","Evening (5:00 pm-7:30 pm) Kayak at Oak Bottom","Nature Tour"
"2018-05-17 05:14:08","274349","2018-07-05 05:15:58","No","Designed for those with little or no previous experinece on a paddle board","120","316","Paddle Board at Brandy Creek (1:30 PM- 3:30 PM)","Nature Tour"
"2018-06-21 05:15:13","250795","2018-07-05 05:15:58","No","Offered on Wednesdays and Thursdays in July and August 2018 in Eastham, Wellfleet, and Orleans.","180","317","Kayak Trip: Kayak Adventure: Eastham, Wellfleet, and Orleans","Nature Tour"
